Презервативы MY.SIZE 223 х 69 мм 10 шт,1 750р.,Нет,Нет,https://nestidno.ru/prezervativy-my-size-223-%D1%85-69-mm-10-sht,https://nestidno.ru/image/cache/catalog/143215-500x500.jpg
Самые тонкие презервативы Sagami Original 002 2 шт.,850р.,Нет,Нет,https://nestidno.ru/samie-tonkie-prezervativi-sagami-original-002-2-poliuretanovie,https://nestidno.ru/image/cache/catalog/i/hd/la/5726a7b6917937a3d746bf1be2b2a71d-500x500.jpg
"Набор латексных презервативов Eska INDIGO, 4 шт",490р.,-19%,399р.,https://nestidno.ru/nabor-lateksnyh-prezervativov-eska-indigo-4-sht,https://nestidno.ru/image/cache/catalog/0123ESC-500x500.jpg
Презервативы сверхпрочные VITALIS Strong 3 шт,250р.,Нет,Нет,https://nestidno.ru/vitalis-3-strong-prezervativy-sverhprochnye,https://nestidno.ru/image/cache/catalog/i/pp/ne/2823ef0705dc4a930cbea750b0476ac4-500x500.jpeg
 Презервативы анатомической формы VITALIS Comfort+ 3 шт,290р.,Нет,Нет,https://nestidno.ru/vitalis-3-comfort-prezervativy-anatomicheskoj-formy,https://nestidno.ru/image/cache/catalog/i/lb/li/337e6c8422cecd3c31418b809b3cc2d4-500x500.jpeg
VITALIS №12 Super thin Презервативы супертонкие,990р.,Нет,Нет,https://nestidno.ru/vitalis-12-super-thin-prezervativy-supertonkie,https://nestidno.ru/image/cache/catalog/143178-500x500.jpeg
Презервативы с продлевающим эффектом Masculan Long Pleasure 10 шт.,850р.,Нет,Нет,https://nestidno.ru/prezervativy-s-prodlevayuschim-effektom-masculan-long-pleasure-10-sht,https://nestidno.ru/image/cache/catalog/longpleasure-500x500.jpg
Презервативы Экстремально тонкие MAXUS 003 №15 ж/к,1 290р.,Нет,Нет,https://nestidno.ru/prezervativy-ekstremalno-tonkie-maxus-003-15-g-k,https://nestidno.ru/image/cache/catalog/0901-037-500x500.png
Презервативы Sagami Xtreme Cobra 3 шт.,450р.,Нет,Нет,https://nestidno.ru/prezervativi-sagami-xtreme-cobra-3-sht,https://nestidno.ru/image/cache/catalog/i/ip/mo/6fec340c0457b0b232ec7d57dcca1fb8-500x500.jpg
VITALIS №12 Color Презервативы цветные ароматизированные,890р.,Нет,Нет,https://nestidno.ru/vitalis-12-color-prezervativy-tsvetnye-aromatizirovannye,https://nestidno.ru/image/cache/catalog/143180-500x500.jpeg
Презервативы SAGAMI Xtreme Type-E 3 шт,450р.,Нет,Нет,https://nestidno.ru/prezervativi-sagami-3-xtreme-dotts-anatomicheskie,https://nestidno.ru/image/cache/catalog/i/db/eh/2e20bc96e2f0caf4847956f7d90c3fde-500x500.jpg
Презервативы Экстремально тонкие MAXUS 003 №3 ж/к,590р.,Нет,Нет,https://nestidno.ru/prezervativy-ekstremalno-tonkie-maxus-003-3-g-k,https://nestidno.ru/image/cache/catalog/i/gb/md/807645f40c7051027b664f7fc3f843bf-500x500.png
Полиуретановые презервативы Sagami Original 002 L-Size 12 штук,4 750р.,Нет,Нет,https://nestidno.ru/poliuretanovye-prezervativy-sagami-original-002-l-size-12-shtuk,https://nestidno.ru/image/cache/catalog/150304-500x500.jpeg
Презервативы Luxe MAXIMA №1 Королевский экспресс,275р.,Нет,Нет,https://nestidno.ru/prezervativi-luxe-maxima-1-korolevskiy-ekspress,https://nestidno.ru/image/cache/catalog/141032-500x500.jpeg
Презервативы Sagami Xtreme Ultrasafe 10 шт.,1 290р.,Нет,Нет,https://nestidno.ru/prezervativi-sagami-xtreme-ultrasafe-10-sht,https://nestidno.ru/image/cache/catalog/i/bd/ac/5ee22424ab1ed6c0465a9967078d8e9d-500x500.jpg
VITALIS №12 Comfort+ Презервативы анатомической формы,990р.,Нет,Нет,https://nestidno.ru/vitalis-12-comfort-prezervativy-anatomicheskoj-formy,https://nestidno.ru/image/cache/catalog/143175-500x500.jpeg
ОРАЛЬНЫЕ ПРЕЗЕРВАТИВЫ DOMINO SWEET SEX STRAWBERRY COCTAIL 3 шт.,275р.,Нет,Нет,https://nestidno.ru/oralnye-prezervativy-domino-sweet-sex-strawberry-coctail-3-sht,https://nestidno.ru/image/cache/catalog/STRAWBERRY-500x500.jpg
Презервативы Luxe MAXIMA №1 Аризонский бульдог,275р.,Нет,Нет,https://nestidno.ru/prezervativi-luxe-maxima-1-arizonskiy-buldog,https://nestidno.ru/image/cache/catalog/141027-500x500.jpeg
Презервативы Luxe №1 Летучий голландец,275р.,Нет,Нет,https://nestidno.ru/prezervativ-luxe-letuchiy-gollandets,https://nestidno.ru/image/cache/catalog/141036-500x500.jpeg
ПРЕЗЕРВАТИВЫ MASCULAN 5 ULTRA № 3 (УТОНЧЕННЫЙ ЛАТЕКС ЗОЛОТОГО ЦВЕТА) 3 шт,390р.,Нет,Нет,https://nestidno.ru/prezervativy-masculan-5-ultra-3-utonchennyj-lateks-zolotogo-tsveta-3-sht,https://nestidno.ru/image/cache/catalog/masc-500x500.png
Презервативы MY.SIZE 160х47 мм 10 шт,1 750р.,Нет,Нет,https://nestidno.ru/prezervativi-mysize-160h47-mm-10-sht,https://nestidno.ru/image/cache/catalog/143165-500x500.jpg
ПРЕЗЕРВАТИВЫ UNILATEX DOTTED с точечной поверхностью 15 шт,699р.,Нет,Нет,https://nestidno.ru/prezervativy-unilatex-dotted-s-tochechnoj-poverhnostyu-12-sht-art-3020,https://nestidno.ru/image/cache/catalog/i/fn/mg/41d1c44aeb3ff8f39d426e90b71da308-500x500.jpg
"ПРЕЗЕРВАТИВЫ UNILATEX NATURAL PLAIN классические, 15 шт., арт. 3013",699р.,Нет,Нет,https://nestidno.ru/prezervativy-unilatex-natural-plain-klassicheskie-12-sht-art-3013,https://nestidno.ru/image/cache/catalog/i/pf/pl/1dc1ab6adbd2b31eb7576b8667f31263-500x500.jpg
ПРЕЗЕРВАТИВЫ UNILATEX ULTRA THIN ультратонкие 15 шт.  арт. 3015,699р.,Нет,Нет,https://nestidno.ru/prezervativy-unilatex-ultra-thin-ultratonkie-12-sht-art-3015,https://nestidno.ru/image/cache/catalog/i/nk/ng/f77a29fec05bc1cc2f7a589f2c63e580-500x500.jpg
Самые тонкие презервативы Sagami Original 002 1 шт.,450р.,Нет,Нет,https://nestidno.ru/samye-tonkie-prezervativy-sagami-original-002-1-sht,https://nestidno.ru/image/cache/catalog/143160-500x500.jpg
Самые тонкие презервативы Sagami Original Quick 6 шт.,2 490р.,Нет,Нет,https://nestidno.ru/samie-tonkie-prezervativi-sagami-original-quick-6,https://nestidno.ru/image/cache/catalog/i/bk/hl/e2b461359188a8c23b0ca589522cf635-500x500.jpg
Тонкие презервативы Masculan Ultra Fine 10 шт.,850р.,Нет,Нет,https://nestidno.ru/tonkie-prezervativy-masculan-ultra-fine-10-sht,https://nestidno.ru/image/cache/catalog/masculanultrafine10_6-500x500.jpg
Презервативы MY.SIZE PRO Размер 60 36 шт,4 900р.,Нет,Нет,https://nestidno.ru/prezervativy-my-size-pro-razmer-60-36-sht,https://nestidno.ru/image/cache/catalog/MY.SIZE%20%E2%84%9636%20%D1%80%D0%B0%D0%B7%D0%BC%D0%B5%D1%80%2060-500x500.jpg
VITALIS №12 Sensation Презервативы с кольцами и точками,990р.,Нет,Нет,https://nestidno.ru/vitalis-12-sensation-prezervativy-s-koltsami-i-tochkami,https://nestidno.ru/image/cache/catalog/143199-500x500.jpeg
Презервативы Sagami Xtreme Feel Up 3 шт.,450р.,Нет,Нет,https://nestidno.ru/prezervativi-sagami-xtreme-feel-up-3-sht,https://nestidno.ru/image/cache/catalog/i/pc/hb/6578f2357935bc326dd1254a05cbb980-500x500.jpg
Презервативы Sagami Xtreme Mint 10 шт.,1 290р.,Нет,Нет,https://nestidno.ru/prezervativi-sagami-xtreme-mint-10-sht,https://nestidno.ru/image/cache/catalog/143162_666-500x500.jpg
Презервативы Sagami Xtreme Strawberry 10 шт.,1 290р.,Нет,Нет,https://nestidno.ru/prezervativi-sagami-xtreme-strawberry-10-sht,https://nestidno.ru/image/cache/catalog/143163_9-500x500.jpg
Презервативы светящиеся в темноте DOMINO NEON GREEN 3 шт.,275р.,Нет,Нет,https://nestidno.ru/prezervativy-svetyaschiesya-v-temnote-domino-neon-green-3-sht,https://nestidno.ru/image/cache/catalog/neon-500x500.jpg
ОРАЛЬНЫЕ ПРЕЗЕРВАТИВЫ DOMINO SWEET SEX TROPICANA 3 шт.,275р.,Нет,Нет,https://nestidno.ru/oralnye-prezervativy-domino-sweet-sex-strawberry-tropicana-3-sht,https://nestidno.ru/image/cache/catalog/TROPICANA-500x500.jpg
Презервативы в подарочной упаковке Экстремально тонкие Maxus SO MUCH SEX 003 (50 шт),3 990р.,-25%,2 990р.,https://nestidno.ru/prezervativy-v-podarochnoj-upakovke-ekstremalno-tonkie-maxus-so-much-sex-003-50-sht,https://nestidno.ru/image/cache/catalog/0901-045-500x500.jpeg
Презервативы усиливающие ощущения Sagami Xtreme Feel Up 10 шт.,1 290р.,Нет,Нет,https://nestidno.ru/prezervativy-usilivayuschie-oschuscheniya-sagami-xtreme-feel-up-10-sht,https://nestidno.ru/image/cache/catalog/143250-500x500.jpg
ОРАЛЬНЫЕ ПРЕЗЕРВАТИВЫ DOMINO SWEET SEX ICE CREAM 3 шт.,275р.,Нет,Нет,https://nestidno.ru/oralnye-prezervativy-domino-sweet-sex-ice-cream-3-sht,https://nestidno.ru/image/cache/catalog/ICE%20CREAM-500x500.jpg
ОРАЛЬНЫЕ ПРЕЗЕРВАТИВЫ DOMINO SWEET SEX MANGO 3 шт.,275р.,Нет,Нет,https://nestidno.ru/oralnye-prezervativy-domino-sweet-sex-mango-3-sht,https://nestidno.ru/image/cache/catalog/MANGO-500x500.jpg
ПРЕЗЕРВАТИВЫ MASCULAN 5 ULTRA №10 (УТОНЧЕННЫЙ ЛАТЕКС ЗОЛОТОГО ЦВЕТА) 10 штук,1 290р.,Нет,Нет,https://nestidno.ru/prezervativy-masculan-5-ultra-10-utonchennyj-lateks-zolotogo-tsveta-10-shtuk,https://nestidno.ru/image/cache/catalog/mascg-500x500.jpg
Презервативы Masculan XXL 3 шт.,250р.,Нет,Нет,https://nestidno.ru/prezervativi-masculan-xxl-3-sht,https://nestidno.ru/image/cache/catalog/masculanxxl3_5-500x500.jpg
Презервативы в железном кейсе ультратонкие MAXUS Sensitive №15,1 290р.,Нет,Нет,https://nestidno.ru/prezervativy-v-geleznom-kejse-ultratonkie-maxus-sensitive-10,https://nestidno.ru/image/cache/catalog/0901-016-500x500.png
Презервативы в подарочной упаковке ультратонкие MAXUS Sensitive №100,3 990р.,Нет,Нет,https://nestidno.ru/prezervativy-v-podarochnoj-upakovke-ultratonkie-maxus-sensitive-100,https://nestidno.ru/image/cache/catalog/0901-041-500x500.jpg
Ароматизированные ПРЕЗЕРВАТИВЫ DOMINO CLASSICS АРОМАТНЫЙ МИКС 6 штук,275р.,Нет,Нет,https://nestidno.ru/aromatizirovannye-prezervativy-domino-classics-aromatnyj-miks-6-shtuk,https://nestidno.ru/image/cache/catalog/mixxx-500x500.jpg
Ароматизированные ПРЕЗЕРВАТИВЫ DOMINO PREMIUM ФРУКТОВЫЙ SLOT 6 штук,275р.,Нет,Нет,https://nestidno.ru/aromatizirovannye-prezervativy-domino-premium-fruktovyj-slot-6-shtuk,https://nestidno.ru/image/cache/catalog/SLOT-500x500.jpg
ОРАЛЬНЫЕ ПРЕЗЕРВАТИВЫ DOMINO SWEET SEX CHOCOLATE MOUSSE 3 шт.,275р.,Нет,Нет,https://nestidno.ru/oralnye-prezervativy-domino-sweet-sex-chocolate-mousse-3-sht,https://nestidno.ru/image/cache/catalog/CHOCOLATE%20MOUSSE1-500x500.jpg
Презервативы Masculan Strong 3 шт.,250р.,Нет,Нет,https://nestidno.ru/prezervativi-masculan-ultra--strong-3-sht,https://nestidno.ru/image/cache/catalog/masculanstrong3-500x500.jpg
Самые тонкие презервативы Sagami Original 002 12 шт.,4 750р.,Нет,Нет,https://nestidno.ru/samie-tonkie-prezervativi-sagami-original-002-12-sht,https://nestidno.ru/image/cache/catalog/i/na/ic/01b4f097eebaaec28bebb05b073b1efe-500x500.jpg
VITALIS №12 Large Презервативы увеличенного размера,890р.,Нет,Нет,https://nestidno.ru/vitalis-12-large-prezervativy-uvelichennogo-razmera,https://nestidno.ru/image/cache/catalog/143179-500x500.jpeg
Полиуретановые презервативы Sagami Original 001 5 шт.,3 900р.,Нет,Нет,https://nestidno.ru/samye-tonkie-prezervativy-v-mire-sagami-original-001-5-sht,https://nestidno.ru/image/cache/catalog/143219-500x500.jpeg
ПРЕЗЕРВАТИВ LUXE BLACK ULTIMATE АФРИКАНСКИЙ КРУИЗ (БАНАН) 1 штука,275р.,Нет,Нет,https://nestidno.ru/prezervativ-luxe-black-ultimate-afrikanskij-kruiz-banan-1-shtuka,https://nestidno.ru/image/cache/catalog/i/ci/jd/b9fb8e42fa0b4035c1816e0fbf0e703d-500x500.jpg
ПРЕЗЕРВАТИВ LUXE BLACK ULTIMATE БОЛТ НА 32 (ВИШНЯ) 1 штука,275р.,Нет,Нет,https://nestidno.ru/prezervativ-luxe-black-ultimate-bolt-na-32-vishnya-1-shtuka,https://nestidno.ru/image/cache/catalog/i/ie/cn/d1edf719ce4f9c74c287f485ac232420-500x500.jpg
ПРЕЗЕРВАТИВ LUXE BLACK ULTIMATE ГРИВА МУЛАТА (ЯБЛОКО) 1 штука,275р.,Нет,Нет,https://nestidno.ru/prezervativ-luxe-black-ultimate-griva-mulata-yabloko-1-shtuka,https://nestidno.ru/image/cache/catalog/i/fn/hk/37b52f780cc7460360b1dc99c2e336d7-500x500.jpg
ПРЕЗЕРВАТИВ LUXE BLACK ULTIMATE РЕАКТИВНЫЙ ТРЕЗУБЕЦ (ШОКОЛАД) 1 штука,275р.,Нет,Нет,https://nestidno.ru/prezervativ-luxe-black-ultimate-reaktivnyj-trezubets-shokolad-1-shtuka,https://nestidno.ru/image/cache/catalog/i/je/gf/10eefa300c01d2b66173d12a6b4526cb-500x500.jpg
ПРЕЗЕРВАТИВ LUXE BLACK ULTIMATE ХОЗЯИН ТАЙГИ (АБРИКОС) 1 штука,275р.,Нет,Нет,https://nestidno.ru/prezervativ-luxe-black-ultimate-hozyain-tajgi-abrikos-1-shtuka,https://nestidno.ru/image/cache/catalog/i/cm/pl/a8f62c628fe1b06797670ac486203e66-500x500.jpg
ПРЕЗЕРВАТИВ LUXE EXTREME БЕЗУМНАЯ ГРЕТА (ВАНИЛЬ) 1 штука,275р.,Нет,Нет,https://nestidno.ru/prezervativ-luxe-extreme-bezumnaya-greta-vanil-1-shtuka,https://nestidno.ru/image/cache/catalog/i/dn/pp/be7df08abcbef634d15c0b7013dac01a-500x500.jpg
ПРЕЗЕРВАТИВ LUXE EXTREME МЕДВЕЖИЙ КАПКАН (КЛУБНИКА) 1 штука,275р.,Нет,Нет,https://nestidno.ru/prezervativ-luxe-extreme-medvegij-kapkan-klubnika-1-shtuka,https://nestidno.ru/image/cache/catalog/i/bo/gg/cf6e6ae2aa03811e1fdf817676a0a470-500x500.jpg
ПРЕЗЕРВАТИВ LUXE EXTREME НОЧНАЯ ЛИХОРАДКА (ПЕРСИК) 1 штука,275р.,Нет,Нет,https://nestidno.ru/prezervativ-luxe-extreme-nochnaya-lihoradka-persik-1-shtuka,https://nestidno.ru/image/cache/catalog/i/ga/cd/ce8afa75b3b4094aec078bc53173de77-500x500.jpg
ПРЕЗЕРВАТИВ LUXE EXTREME СТРЕЛА КОМАНЧИ (МАНГО) 1 штука,275р.,Нет,Нет,https://nestidno.ru/prezervativ-luxe-extreme-strela-komanchi-mango-1-shtuka,https://nestidno.ru/image/cache/catalog/i/gc/bp/2cbfb20a1758cb77140e7a617e4843c5-500x500.jpg
ПРЕЗЕРВАТИВ LUXE EXTREME УБОЙНЫЙ БУРИЛЬЩИК (ТРОПИЧЕСКИЕ ФРУКТЫ) 1 штука,275р.,Нет,Нет,https://nestidno.ru/prezervativ-luxe-extreme-ubojnyj-burilschik-tropicheskie-frukty-1-shtuka,https://nestidno.ru/image/cache/catalog/i/fp/oc/3e05650d770029e526bf12e01153ebac-500x500.jpg
Презервативы Luxe MAXIMA №1 Глубинная бомба,275р.,Нет,Нет,https://nestidno.ru/prezervativi-luxe-maxima-1-glubinnaya-bomba,https://nestidno.ru/image/cache/catalog/141028-500x500.jpeg
