Мега-мастурбатор торс вагина и анус Big baby 12 кг,29 000р.,-31%,19 900р.,https://nestidno.ru/mega-masturbator-vagina-i-anus-big-baby,https://nestidno.ru/image/cache/catalog/bigbaby-500x500.jpg
Реалистичный торс-мастурбатор Jack Jones ,29 900р.,-13%,25 900р.,https://nestidno.ru/realistichnoe-telo-masturbator-jack-jones-male-xise,https://nestidno.ru/image/cache/catalog/tors1-500x500.jpeg
"СЕКС-КУКЛА JENNIFER, ШАТЕНКА, TOYFA DOLLS-X 160 см",2 990р.,Нет,Нет,https://nestidno.ru/seks-kukla-jennifer-shatenka-toyfa-dolls-x-160-sm,https://nestidno.ru/image/cache/catalog/117022_1-500x500.jpg
РЕАЛИСТИЧНАЯ СЕКС-КУКЛА ВАЛЕРИЯ С ВИБРАЦИЕЙ 155 см,6 900р.,-20%,5 500р.,https://nestidno.ru/realistichnaya-seks-kukla-valeriya-s-vibratsiej-rost-155-sm-art-ee-10250,https://nestidno.ru/image/cache/catalog/i/ne/gi/3d61aafbf5931492e2acf1f422c671f1-500x500.jpg
РЕАЛИСТИЧНАЯ СЕКС-КУКЛА ВЕРОНИКА С ВИБРАЦИЕЙ рост 150 см,6 500р.,Нет,Нет,https://nestidno.ru/realistichnaya-seks-kukla-veronika-s-vibratsiej-rost-150-sm-art-ee-10252,https://nestidno.ru/image/cache/catalog/i/cb/hc/0e90aefc67ea554c4771994d6c69bacb-500x500.jpg
"РЕАЛИСТИЧНАЯ СЕКС-КУКЛА АНГЕЛИНА рост 150 см, арт. EE-10278",5 900р.,Нет,Нет,https://nestidno.ru/realistichnaya-seks-kukla-angelina-rost-150-sm-art-ee-10278,https://nestidno.ru/image/cache/catalog/EE-10278-500x500.jpg
"РЕАЛИСТИЧНАЯ СЕКС-КУКЛА СИНДИ рост 150 см, арт. EE-10276",5 900р.,Нет,Нет,https://nestidno.ru/realistichnaya-seks-kukla-sindi-rost-150-sm-art-ee-10276,https://nestidno.ru/image/cache/catalog/EE-10276-500x500.jpg
"РЕАЛИСТИЧНАЯ СЕКС-КУКЛА ЛИОНЕЛЛА С ВИБРАЦИЕЙ рост 150 см, арт. EE-10277",6 900р.,Нет,Нет,https://nestidno.ru/realistichnaya-seks-kukla-lionella-s-vibratsiej-rost-150-sm-art-ee-10277,https://nestidno.ru/image/cache/catalog/EE-10277_-500x500.jpg
Секс-кукла с фаллоимитатором You2Toys Lusting,7 990р.,-38%,4 990р.,https://nestidno.ru/seks-kukla-transseksualka-you2toys-lusting-trans-5328350000,https://nestidno.ru/image/cache/catalog/5328350000_435-500x500.jpg
"РЕАЛИСТИЧНАЯ СЕКС-КУКЛА ВИКТОРИЯ С ВИБРАЦИЕЙ рост 155 см, арт. EE-10251",11 900р.,-25%,8 900р.,https://nestidno.ru/realistichnaya-seks-kukla-viktoriya-s-vibratsiej-rost-155-sm-art-ee-10251,https://nestidno.ru/image/cache/catalog/i/on/dm/a19354a190c9cab95c85c992b1847c88-500x500.jpg
Секс-кукла ДЖУЛЬЕТТА,2 990р.,Нет,Нет,https://nestidno.ru/seks-kukla-dguletta,https://nestidno.ru/image/cache/catalog/EE-10266-500x500.jpg
"РЕАЛИСТИЧНАЯ СЕКС-КУКЛА ДИАНА С ВИБРАЦИЕЙ рост 150 см, арт. EE-10249",6 900р.,Нет,Нет,https://nestidno.ru/realistichnaya-seks-kukla-diana-s-vibratsiej-rost-150-sm-art-ee-10249,https://nestidno.ru/image/cache/catalog/i/hi/oh/4eb40cca1b77f2b76e05946f88f06fcd-500x500.jpg
"РЕАЛИСТИЧНАЯ СЕКС-КУКЛА МАРГАРИТА С ВИБРАЦИЕЙ рост 155 см, арт. EE-10247",11 900р.,Нет,Нет,https://nestidno.ru/realistichnaya-seks-kukla-margarita-s-vibratsiej-rost-155-sm-art-ee-10247,https://nestidno.ru/image/cache/catalog/i/lk/ko/e5d6dc950d7336fbf8647dfdc612f031-500x500.jpg
Секс-кукла КАРОЛИНА,2 990р.,Нет,Нет,https://nestidno.ru/seks-kukla-karolina,https://nestidno.ru/image/cache/catalog/EE-10254-500x500.jpg
