"ФАЛЛОИМИТАТОР F LINE НА ПРИСОСКЕ 26 х 4,5 см",2 490р.,Нет,Нет,https://nestidno.ru/falloimitator-f-line-na-prisoske-l-260-mm-d-45-mm-art-583203,https://nestidno.ru/image/cache/catalog/i/me/ha/ea43539f6d2cb4e4fde8eea2bb6b8d07-500x500.jpg
Реалистичный торс-мастурбатор Jack Jones ,29 900р.,-13%,25 900р.,https://nestidno.ru/realistichnoe-telo-masturbator-jack-jones-male-xise,https://nestidno.ru/image/cache/catalog/tors1-500x500.jpeg
"ФАЛЛОИМИТАТОР BANAN 19 х 4,5 см киберкожа DS002",2 990р.,Нет,Нет,https://nestidno.ru/falloimitator-egzo-banan-19-h-4-5-sm-kiberkoga-ds002,https://nestidno.ru/image/cache/catalog/DS002-500x500.jpg
"Вибратор с имитацией семяизвержения Eros Fountain - 19,5 см.",3 490р.,Нет,Нет,https://nestidno.ru/vibrator-s-imitatsiej-semyaizvergeniya-eros-fountain-19-5-sm,https://nestidno.ru/image/cache/catalog/bw-008079ap-500x500.jpg
"Реалистичный фаллоимитатор REAL Dual Layer, dual silicone, 17 х 4 см",5 990р.,Нет,Нет,https://nestidno.ru/realistichnyj-falloimitator-real-dual-layer-dual-silicone-17-h-4-sm,https://nestidno.ru/image/cache/catalog/RDS10022_34534-500x500.jpg
"СИЛИКОНОВЫЙ ФАЛЛОИМИТАТОР EROWOMAN REALISTIC 15,5 х 4 см ER-30070",2 490р.,Нет,Нет,https://nestidno.ru/silikonovyj-falloimitator-erowoman-realistic-15-5-h-4-sm-er-30070,https://nestidno.ru/image/cache/catalog/ER-30070-500x500.jpg
"Фаллоимитатор Cosmo 14 x 2,9 см",1 290р.,Нет,Нет,https://nestidno.ru/falloimitator-cosmo-14-x-2-9-sm-csm-23027,https://nestidno.ru/image/cache/catalog/23027-500x500.jpg
ФАЛЛОИМИТАТОР F LINE НА ПРИСОСКЕ 22 х 5 см,2 490р.,Нет,Нет,https://nestidno.ru/falloimitator-f-line-na-prisoske-l-220-mm-d-50-mm-art-582703,https://nestidno.ru/image/cache/catalog/i/fa/hj/f0629f7e78b90ca7ba30354128ef7e73-500x500.jpg
"ФАЛЛОИМИТАТОР F LINE НА ПРИСОСКЕ 24,5 х 4,2 см",2 490р.,Нет,Нет,https://nestidno.ru/falloimitator-f-line-na-prisoske-l-245-mm-d-42-mm-art-580903,https://nestidno.ru/image/cache/catalog/i/el/dm/c97a7167f646c8a02a43bca76a3160d2-500x500.jpg
Фаллоимитатор с имитацией эякуляции 9'' Squirt Extreme Dildo Black LV116024,3 490р.,Нет,Нет,https://nestidno.ru/falloimitator-s-imitatsiej-eyakulyatsii-9-squirt-extreme-dildo-black-lv116024,https://nestidno.ru/image/cache/catalog/LV116024_5-500x500.jpg
Фаллоимитатор с имитацией эякуляции 9'' Squirt Extreme Dildo LV116021,3 490р.,Нет,Нет,https://nestidno.ru/falloimitator-s-imitatsiej-eyakulyatsii-9-squirt-extreme-dildo-lv116021,https://nestidno.ru/image/cache/catalog/LV116021_-500x500.jpg
Фаллоимитатор с имитацией эякуляции Soft Ejaculation Cock With Ball 8,3 490р.,Нет,Нет,https://nestidno.ru/falloimitator-s-imitatsiej-eyakulyatsii-soft-ejaculation-cock-with-ball-8,https://nestidno.ru/image/cache/catalog/lv316002-500x500.jpg
"Анальный стимулятор-насадка PLATINUM 9 26 х 6,9 см 138700",2 990р.,Нет,Нет,https://nestidno.ru/analnyj-stimulyator-nasadka-platinum-9-26-h-6-9-sm-138700,https://nestidno.ru/image/cache/catalog/138700-500x500.jpg
"Компактный СИЛИКОНОВЫЙ ФАЛЛОИМИТАТОР EROWOMAN REALISTIC 14 х 3,4 см ER-30069",1 990р.,Нет,Нет,https://nestidno.ru/kompaktnyj-silikonovyj-falloimitator-erowoman-realistic-14-h-3-4-sm-er-30069,https://nestidno.ru/image/cache/catalog/ER-30069-500x500.jpg
"КОМПАКТНЫЙ ФАЛЛОИМИТАТОР EROWOMAN REALISTIC 14 х 3,7 см",1 490р.,Нет,Нет,https://nestidno.ru/kompaktnyj-falloimitator-erowoman-realistic-14-h-3-7-sm,https://nestidno.ru/image/cache/catalog/ER-30057-500x500.jpg
"Реалистичный фаллоимитатор A-Toys by TOYFA Cryst прозрачный, 15 см",1 750р.,Нет,Нет,https://nestidno.ru/realistichnyj-falloimitator-a-toys-by-toyfa-cryst-prozrachnyj-15-sm,https://nestidno.ru/image/cache/catalog/i/cc/ab/27ad28e09e4dc0a99310c9d8945cca24-500x500.jpg
"СИЛИКОНОВЫЙ ФАЛЛОИМИТАТОР EROWOMAN REALISTIC 15,5 х 3, см ER-30068",1 990р.,Нет,Нет,https://nestidno.ru/silikonovyj-falloimitator-erowoman-realistic-15-5-h-3-sm-er-30068,https://nestidno.ru/image/cache/catalog/%D0%A4%D0%90%D0%9B%D0%9B%D0%9E%D0%98%D0%9C%D0%98%D0%A2%D0%90%D0%A2%D0%9E%D0%A0%20L%20%D1%80%D0%B0%D0%B1%D0%BE%D1%87%D0%B5%D0%B9%20%D1%87%D0%B0%D1%81%D1%82%D0%B8%20150%20%D0%BC%D0%BC%20D%2038%20%D0%BC%D0%BC%20%D0%B0%D1%80%D1%82.%20ER-30068-500x500.jpg
"СИЛИКОНОВЫЙ ФАЛЛОИМИТАТОР-реалистик EROWOMAN REALISTIC 14 х 3,4 см ER-30051",1 990р.,Нет,Нет,https://nestidno.ru/silikonovyj-falloimitator-realistik-erowoman-realistic-14-h-3-4-sm-er-30051,https://nestidno.ru/image/cache/catalog/ER-30051-500x500.jpg
Фаллоимитатор Bioclone Android-VII 17 х 6 см,1 990р.,Нет,Нет,https://nestidno.ru/falloimitator-bioclone-android-vii-554403,https://nestidno.ru/image/cache/catalog/554403_-500x500.jpg
"ФАЛЛОИМИТАТОР SEXUS GLASS, СТЕКЛО, ПРОЗРАЧНЫЙ, 16,5 СМ 912009",2 490р.,Нет,Нет,https://nestidno.ru/falloimitator-sexus-glass-steklo-prozrachnyj-16-5-sm-912009,https://nestidno.ru/image/cache/catalog/912009_4-500x500.jpg
Фаллоимитатор-мулат TOYFA RealStick Elite Mr.Gomez 21 см.,3 490р.,Нет,Нет,https://nestidno.ru/falloimitator-mulat-toyfa-realstick-elite-mr-gomez-21-sm,https://nestidno.ru/image/cache/catalog/982102-1-500x500.jpg
"Фаллоимитатор-реалистик Medical Silicone 21 х 3,8 см",4 990р.,Нет,Нет,https://nestidno.ru/falloimitator-realistik-medical-silicone-21-h-3-8-sm-5266650000,https://nestidno.ru/image/cache/catalog/5266650000-500x500.jpg
Розовый фаллоимитатор собаки Erasexa Акита  с эякуляцией - 25 см.,9 900р.,Нет,Нет,https://nestidno.ru/rozovyj-falloimitator-sobaki-erasexa-akita-s-eyakulyatsiej-25-sm,https://nestidno.ru/image/cache/catalog/i/jk/ik/b5ae8677e8240f49052a3c7e37c6a4f1-500x500.jpg
ФАЛЛОИМИТАТОР F LINE НА ПРИСОСКЕ 22 х 5 см 583603,2 490р.,Нет,Нет,https://nestidno.ru/falloimitator-f-line-na-prisoske-l-220-mm-d-45-mm-art-583603,https://nestidno.ru/image/cache/catalog/i/fk/le/1d3d0d4eba703c6452974fc7e488a362-500x500.jpg
ФАЛЛОИМИТАТОР ДВУХСТОРОННИЙ LOVETOY 560 х 50 мм,3 490р.,Нет,Нет,https://nestidno.ru/falloimitator-dvuhstoronnij-lovetoy-560-h-50-mm-kiberkoga-934200,https://nestidno.ru/image/cache/catalog/934200_677777-500x500.jpg
АНАЛЬНЫЙ ФАЛЛОИМИТАТОР TOYFA 14 см,1 290р.,Нет,Нет,https://nestidno.ru/analnyj-falloimitator-toyfa-14-sm,https://nestidno.ru/image/cache/catalog/962019-500x500.jpg
"Двойной фаллоимитатор Lovetoy киберкожа 46 х 4,3 см 51303",2 800р.,Нет,Нет,https://nestidno.ru/dvojnoj-falloimitator-lovetoy-kiberkoga-46-h-4-5-sm-51303,https://nestidno.ru/image/cache/catalog/51303-5-500x500.jpg
Двусторонний фаллоимитатор REAL 46 х 4 см RP10070,4 490р.,Нет,Нет,https://nestidno.ru/dvustoronnij-falloimitator-real-46-h-4-sm-rp10070,https://nestidno.ru/image/cache/catalog/RP10070_-500x500.jpg
Реалистичный фаллоимитатор Lovetoy Real Next №31 20 х 5 см,1 990р.,Нет,Нет,https://nestidno.ru/realistichniy-falloimitator-lovetoy-real-next-31-20-h-5-sm-563103,https://nestidno.ru/image/cache/catalog/563103_3234-500x500.jpg
"Розовый фаллос собаки Erasexa Чарли  - 18,5 см.",5 990р.,Нет,Нет,https://nestidno.ru/rozovyj-fallos-sobaki-erasexa-charli-18-5-sm,https://nestidno.ru/image/cache/catalog/i/ig/pe/58044f4d433e6c2a7e507825fa1bbeef-500x500.jpg
Силиконовый фаллоимитатор Erowoman 20 х 4 см ER-30050,2 990р.,Нет,Нет,https://nestidno.ru/silikonovyj-falloimitator-erowoman-20-h-4-sm-er-30050,https://nestidno.ru/image/cache/catalog/ER-30050-500x500.jpg
Синий фаллоимитатор Номус Medium 24 см.,9 900р.,Нет,Нет,https://nestidno.ru/sinij-falloimitator-nomus-medium-24-sm,https://nestidno.ru/image/cache/catalog/zoo93-500x500.jpg
"Фаллоимитатор Cosmo 12 х 2,5 см",1 290р.,Нет,Нет,https://nestidno.ru/falloimitator-cosmo-fioletovyj-120h25-mm-csm-23029,https://nestidno.ru/image/cache/catalog/23029-500x500.jpg
"ФАЛЛОИМИТАТОР HUMAN COPY НА ПРИСОСКЕ, L 170 мм D 35 мм",2 300р.,Нет,Нет,https://nestidno.ru/falloimitator-human-copy-na-prisoske-l-170-mm-d-35-mm-art-610803,https://nestidno.ru/image/cache/catalog/i/el/hf/a77344749a5e6058460c88c58b7495ff-500x500.jpg
"Ультра-реалистичный фаллоимитатор Jeff Stryker ULTRASKYN 10 Realistic Cock with Removable Vac-U-Lock Suction Cup - 25,6 см.",9 900р.,Нет,Нет,https://nestidno.ru/ultra-realistichnyj-falloimitator-jeff-stryker-ultraskyn-10-realistic-cock-with-removable-vac-u-lock-suction-cup-25-6-sm,https://nestidno.ru/image/cache/catalog/0272-02-BX-500x500.jpg
"Ультра-реалистичный фаллоимитатор-гигант Prince Yahshua ULTRASKYN 10.5” Cock with Removable Vac-U-Lock Suction Cup - 27,4 см.",9 900р.,Нет,Нет,https://nestidno.ru/ultra-realistichnyj-falloimitator-gigant-prince-yahshua-ultraskyn-10-5%E2%80%9D-cock-with-removable-vac-u-lock-suction-cup-27-4-sm,https://nestidno.ru/image/cache/catalog/8060-05-BX-500x500.jpg
Фаллоимитатор с имитацией эякуляции 10'' Squirt Extreme Dildo LV116022,3 900р.,Нет,Нет,https://nestidno.ru/falloimitator-s-imitatsiej-eyakulyatsii-10-squirt-extreme-dildo-lv116022,https://nestidno.ru/image/cache/catalog/LV116022_777-500x500.jpg
Фаллоимитатор с имитацией эякуляции 11'' Squirt Extreme Dildo LV116023,4 400р.,Нет,Нет,https://nestidno.ru/falloimitator-s-imitatsiej-eyakulyatsii-11-squirt-extreme-dildo-lv116023,https://nestidno.ru/image/cache/catalog/LV116023_-500x500.jpg
"Гигантский фаллоимитатор Realistic Cyber Skin 39 х 10,5 см",5 900р.,Нет,Нет,https://nestidno.ru/gigantskij-falloimitator-realistic-cyber-skin-39-h-10-5-sm,https://nestidno.ru/image/cache/catalog/958200-500x500.jpg
СВЕТЯЩИЙСЯ В ТЕМНОТЕ ДИЛДО RAVE NEON DRIVER 5012-02LOLA,1 490р.,Нет,Нет,https://nestidno.ru/svetyaschijsya-v-temnote-dildo-rave-neon-driver-5012-02lola,https://nestidno.ru/image/cache/catalog/5012-02LOLA_5-500x500.jpg
Секс-машина Robo FUK Deluxe,29 900р.,-23%,22 900р.,https://nestidno.ru/seks-mashina-robo-fuk,https://nestidno.ru/image/cache/catalog/robofuk_46_6-500x500.jpg
Универсальная секс-машина с пультом ДУ Pipedream International Couples Sex Machine,39 900р.,Нет,Нет,https://nestidno.ru/universalnaya-seks-mashina-s-pultom-du-pipedream-international-couples-sex-machine,https://nestidno.ru/image/cache/catalog/PD3763-19_-500x500.jpg
"ФАЛЛОИМИТАТОР РЕАЛИСТИК 18 х 3,5 см",1 990р.,Нет,Нет,https://nestidno.ru/falloimitator-realistik-l-180-mm-d-35-mm-art-102600,https://nestidno.ru/image/cache/catalog/i/ke/hl/cecb486bd976de76047fde1e7de97e10-500x500.jpg
ФАЛЛОИМИТАТОР СВЕТЯЩИЙСЯ В ТЕМНОТЕ BEYOND BY TOYFA DICK GLOW 18 см,2 200р.,Нет,Нет,https://nestidno.ru/falloimitator-svetyaschijsya-v-temnote-beyond-by-toyfa-dick-glow-18-sm,https://nestidno.ru/image/cache/catalog/872011_99990-500x500.jpg
Кляп - фаллос TOYFA Theatre,4 590р.,Нет,Нет,https://nestidno.ru/klyap-fallos-toyfa-theatre,https://nestidno.ru/image/cache/catalog/i/kl/lo/f03b06d0eeeaffed7385cee67137feff-500x500.jpg
СИЛИКОНОВЫЙ ФАЛЛОИМИТАТОР L рабочей части 170  мм D 40 мм арт. SJ-50062,5 990р.,Нет,Нет,https://nestidno.ru/silikonovyj-falloimitator-l-rabochej-chasti-170-mm-d-40-mm-art-sj-50062,https://nestidno.ru/image/cache/catalog/i/pe/bc/c636fa6db213cfea161e7c42a0ff5245-500x500.jpg
Фаллоимитатор-насадка с имитацией эякуляции Wet Works 10 Dual Density ULTRASKYN Squirting Cumplay Cock 27 см,9 900р.,Нет,Нет,https://nestidno.ru/falloimitator-nasadka-s-imitatsiej-eyakulyatsii-wet-works-10-dual-density-ultraskyn-squirting-cumplay-cock-27-sm,https://nestidno.ru/image/cache/catalog/2406-07-BX-500x500.jpg
Анальная четырехступенчатая ракета XXL Erasexa - 37 см.,9 900р.,Нет,Нет,https://nestidno.ru/analnaya-chetyrehstupenchataya-raketa-xxl-erasexa-37-sm,https://nestidno.ru/image/cache/catalog/i/if/pb/f4ed2d2934054298485f6284cd5fd96e-500x500.jpg
Фаллоимитатор с имитацией эякуляции Pipedream King Cock 9 Squirting Cock with Balls,7 990р.,Нет,Нет,https://nestidno.ru/falloimitator-s-imitatsiej-eyakulyatsii-pipedream-king-cock-9-squirting-cock-with-balls-560321,https://nestidno.ru/image/cache/catalog/560321_3-500x500.jpg
Двойной фаллоимитатор You2Toys Sex Talent,1 990р.,Нет,Нет,https://nestidno.ru/dvoynoy-falloimitator-sex-talent,https://nestidno.ru/image/cache/catalog/i/hh/jh/3a5ecb5fee97e150f64d2b73e450fa3e-500x500.jpg
СВЕТЯЩИЙСЯ В ТЕМНОТЕ ДИЛДО RAVE LIGHT KEEPER 5012-01LOLA,1 490р.,Нет,Нет,https://nestidno.ru/svetyaschijsya-v-temnote-dildo-rave-light-keeper-5012-01lola,https://nestidno.ru/image/cache/catalog/5012-01LOLA_3-500x500.jpg
"Стеклянный двухголовый стимулятор Icicles №55 19,5 см.",5 990р.,Нет,Нет,https://nestidno.ru/steklyannyj-dvuhgolovyj-stimulyator-icicles-55-19-5-sm,https://nestidno.ru/image/cache/catalog/pd2955-00-500x500.jpg
"Толстый фаллоимитатор Lovetoy 24 х 6,6 см LV111010",4 490р.,Нет,Нет,https://nestidno.ru/tolstyj-falloimitator-lovetoy-24-h-6-6-sm-lv111010,https://nestidno.ru/image/cache/catalog/LV111010_-500x500.jpg
"Толстый фаллоимитатор Lovetoy 27 х 6,3 см LV111011",4 900р.,Нет,Нет,https://nestidno.ru/tolstyj-falloimitator-lovetoy-27-h-6-3-sm-lv111011,https://nestidno.ru/image/cache/catalog/LV111011_-500x500.jpg
"Толстый фаллоимитатор PipeDream King Cock Chubby 9 23 х 7,6 см PD5532-23",8 900р.,Нет,Нет,https://nestidno.ru/tolstyj-falloimitator-pipedream-king-cock-chubby-9-23-h-7-6-sm-pd5532-23,https://nestidno.ru/image/cache/catalog/PD5532-23_3-500x500.jpg
Фаллоимитатор с имитацией эякуляции King Cock 7 Squirting Cock 22 см,5 590р.,Нет,Нет,https://nestidno.ru/falloimitator-s-imitatsiej-eyakulyatsii-king-cock-7-squirting-cock-22-sm,https://nestidno.ru/image/cache/catalog/5423000000_-500x500.jpg
ФАЛЛОИМИТАТОР СВЕТЯЩИЙСЯ В ТЕМНОТЕ BEYOND BY TOYFA JAMES GLOW 18 см,2 200р.,Нет,Нет,https://nestidno.ru/falloimitator-svetyaschijsya-v-temnote-beyond-by-toyfa-james-glow-18-sm,https://nestidno.ru/image/cache/catalog/872013_-500x500.jpg
"Фаллоимитатор с эякуляцией Lovetoy 15,5 см",1 490р.,Нет,Нет,https://nestidno.ru/falloimitator-s-eyakulyatsiej-lovetoy-15-5-sm,https://nestidno.ru/image/cache/catalog/181700-500x500.jpg
"Фаллоимитатор с эякуляцией Lovetoy 16,5 см",1 490р.,Нет,Нет,https://nestidno.ru/falloimitator-s-eyakulyatsiej-lovetoy-16-5-sm,https://nestidno.ru/image/cache/catalog/181400_555-500x500.jpg
Анальный стимулятор LOVETOY 175 х 35 мм чёрный 427700,750р.,Нет,Нет,https://nestidno.ru/analnyj-stimulyator-lovetoy-175-h-35-mm-chernyj-427700,https://nestidno.ru/image/cache/catalog/i/ee/nk/3b6e0b2d9e674a4835f35ba909f4ba2c-500x500.jpg
